Employee_ID,First_Name,Last_name,Department
16-6043055,Willa,Eberhard,Human Resources
18-5972113,Shae,Chick,Business Development
57-2363863,Merwin,Raynard,Business Development
43-5398262,Wendeline,Kelley,Legal
80-2267920,Shellysheldon,Maje,Services
52-7513021,Carmelita,Moises,Legal
87-0290438,Winona,Lothario,Training
78-1790552,Vonny,Matt,Engineering
70-5921085,Janice,Enos,Research and Development
45-2398651,Kerr,Scot,Product Management
05-9956676,Deb,Albrecht,Business Development
62-1413745,Dasha,Saxe,Marketing
01-0056176,Hilda,Ingar,Training
13-7834672,Jeanelle,Maurizio,Legal
29-6700440,Dillon,Yance,Support
76-3448075,Kareem,Jakob,Product Management
40-0029785,Cletis,Reinald,Business Development
01-8968257,Ynez,Bennie,Sales
10-0359271,Izaak,Fredrick,Accounting
93-8691009,El,Gardner,Research and Development
68-2289844,Auria,Winifield,Human Resources
81-2613256,Jolyn,Montague,Sales
21-6807007,Duky,Gian,Human Resources
95-4102226,Del,Ariel,Engineering
42-3367114,Julita,Haley,Marketing
48-0621642,Rhoda,Ripley,Business Development
35-5533099,Lester,Malcolm,Training
72-0359405,Whitman,Nichols,Accounting
44-1402345,Kitty,Alf,Business Development
77-5896658,Antonius,Darby,Engineering
03-9807411,Bancroft,Baxie,Training
22-2412675,Caz,Hilliard,Human Resources
33-6239094,Tawnya,Herby,Training
29-9010996,Alicea,Theodoric,Engineering
96-0430674,Cecile,Montague,Legal
70-3243886,Chicky,Daryl,Human Resources
96-4347782,Halley,Ivan,Accounting
47-4784685,Adrian,Marsh,Human Resources
08-3301450,Thomasina,Zolly,Marketing
50-5323828,Jesselyn,Reggie,Business Development
59-1006460,Ginny,Kristoforo,Training
21-3498683,Libby,Oswell,Marketing
25-9534864,Bondy,Prince,Sales
36-7456275,Debbi,Quintin,Business Development
26-2873743,Ingemar,Burke,Human Resources
65-8892808,Doll,Garik,Research and Development
57-3676750,Renae,Gran,Legal
62-9438348,Quentin,Barthel,Business Development
36-8254253,Tisha,Morgan,Marketing
99-5939748,Bogey,Augy,Legal
64-0649742,Innis,Adam,Research and Development
55-0547680,Kippar,Kendall,Services
69-0224776,Suellen,Mikey,Services
14-1151913,Kayle,Dalton,Engineering
91-4598933,Raye,Timotheus,Accounting
42-9437290,Daune,Beck,Research and Development
48-6228801,Tymothy,Granthem,Legal
80-7092043,Jenny,Tyrone,Business Development
12-8019201,Quinn,Wylie,Accounting
17-2622441,Rochelle,Paxon,Research and Development
13-6594312,Agna,Tom,Human Resources
14-8283528,Abbi,Theodor,Marketing
79-0402870,Sheila,Jarvis,Legal
93-0056779,Alysia,Pavlov,Product Management
71-5470874,Nedi,Frans,Marketing
05-1449540,Wildon,Merv,Legal
28-0358553,Gaby,Niki,Research and Development
62-2375086,Isidro,Myca,Engineering
97-8694353,Sasha,Morlee,Human Resources
32-4693325,Garret,Clifford,Research and Development
73-2578045,Alonso,Stephanus,Support
98-1575951,Andrea,Neddy,Accounting
06-2518325,Raviv,Duky,Product Management
65-7365594,Gaylor,Lauritz,Product Management
17-0517114,Rodina,Constantine,Marketing
10-6913624,Michael,Hector,Human Resources
71-1460744,Carolann,Arny,Research and Development
73-8521547,Shara,Everett,Research and Development
09-7347543,Lynett,Zach,Training
02-2787350,Filip,Ozzie,Research and Development
47-8563647,Ali,Edd,Support
41-3397990,Curt,Pablo,Training
57-4944306,Kynthia,Fritz,Legal
21-5830195,Alix,Virgie,Marketing
08-7030815,Sumner,Dud,Services
42-1229557,Regine,Tiebout,Legal
72-6889304,Wenona,Ronnie,Legal
13-0829407,Brnaby,Egbert,Research and Development
04-4400577,Winston,Weston,Accounting
10-5368220,Silvain,Tiebold,Sales
17-2474192,Isobel,Stafford,Sales
23-7396192,Stormi,Torrance,Product Management
76-3898576,Laverna,Axel,Engineering
83-2105615,Harriett,Aubert,Training
94-3235990,Yankee,Sid,Engineering
61-1338825,Delmore,Willie,Accounting

